id;name;description;process_name
1;salmon leading-edge;navigating;Personal Loan Account Money Market Account ubiquitous
2;Sleek Rubber Fish;programming;back-end
3;Wooden index wireless;bypassing synergy;Usability
4;Knolls payment;Rustic Plastic Bike;Optimized Web
5;Refined Strategist Shoal;Persistent Auto Loan Account Multi-lateral;input Refined action-items
6;grid-enabled leverage connecting;Auto Loan Account Fresh;Maine
7;Dynamic;Bedfordshire Marketing Direct;Netherlands Antillian Guilder
8;Dynamic morph Money Market Account;Utah parallelism;Heard Island and McDonald Islands
9;Saudi Arabia Future;Bahamian Dollar indigo;leverage Money Market Account Rubber
10;Exclusive;Orchestrator;benchmark Multi-tiered
