id;position;employee_id;start_date;name;first_name;last_name;email;contract_number;gender
1;e-enable Ergonomic Concrete Table;24/365;2021-04-30;Bedfordshire parsing;Ceasar;Treutel;Alexandre56@gmail.com;Central;Fl
2;override Shoes;GB Row;2021-04-29;overriding;Jean;Ratke;Angel.Kuhlman@gmail.com;Swedish Krona;Re
3;transmitting JBOD Triple-buffered;cutting-edge Awesome;2021-04-30;THX firmware navigate;Mossie;Bahringer;Jamal_Hettinger65@yahoo.com;FTP Inlet;Bo
4;Chair indexing Metrics;Sleek Cotton Gloves repurpose THX;2021-04-30;bandwidth-monitored Computers Industrial;Bridgette;Spencer;Orin.Schiller90@hotmail.com;Metrics gold;GB
5;Toys;projection copy;2021-04-29;gold Chief;Evert;Legros;Glennie.Stoltenberg@gmail.com;Fish input Soap;Ma
6;Chief Buckinghamshire help-desk;Pizza;2021-04-29;driver Streets;Caleb;O'Kon;Winnifred.Dickens@yahoo.com;convergence zero tolerance backing up;De
7;copying;Granite Senior;2021-04-30;lavender copying;Carolyn;Glover;Sammie88@hotmail.com;Outdoors Associate Tactics;Pu
8;grow Implemented Clothing;Cuba;2021-04-30;Bahamian Dollar;Marlee;Mills;Peter68@hotmail.com;Fantastic;Sm
9;Cambridgeshire architectures;cutting-edge;2021-04-30;Paradigm JBOD;Hillary;Greenholt;Sean43@yahoo.com;Corporate;Pi
10;morph;infomediaries;2021-04-30;withdrawal;Elvie;Schultz;Jaida9@gmail.com;Niue;Na
